{
	"description": "项目配置文件",
	"packOptions": {
		"ignore": []
	},
	"setting": {
		"urlCheck": false,
		"es6": true,
		"postcss": true,
		"minified": true,
		"newFeature": true,
		"autoAudits": false
	},
	"compileType": "miniprogram",
	"libVersion": "2.6.5",
	"appid": "wxa3e371f4afeadf21",
	"projectname": "%E6%98%95%E6%83%A0%E5%95%86%E5%9F%8E",
	"debugOptions": {
		"hidedInDevtools": []
	},
	"isGameTourist": false,
	"simulatorType": "wechat",
	"simulatorPluginLibVersion": {},
	"condition": {
		"search": {
			"current": -1,
			"list": []
		},
		"conversation": {
			"current": -1,
			"list": []
		},
		"plugin": {
			"current": -1,
			"list": []
		},
		"game": {
			"currentL": -1,
			"list": []
		},
		"miniprogram": {
			"current": -1,
			"list": [
				{
					"id": 0,
					"name": "扫码登录",
					"pathName": "pages/index/index",
					"query": "http://116.255.236.229:8218/user/showqrcode?ud=35343431464245442d384634422d344631432d424532382d394634313443343444363131",
					"scene": 1011
				},
				{
					"id": -1,
					"name": "扫码核销",
					"pathName": "pages/index/writeOff/scanCodeWriteOff/scanCodeWriteOff",
					"query": "",
					"scene": null
				},
				{
					"id": 2,
					"name": "修改密码",
					"pathName": "pages/userCenter/setting/changePassword/changePassword",
					"query": "",
					"scene": null
				}
			]
		}
	}
}